{
  "Delete" : {
    "transaction" : "Delete",
    "sampleCount" : 1300,
    "errorCount" : 0,
    "errorPct" : 0.0,
    "meanResTime" : 1774.293846153847,
    "medianResTime" : 1364.5,
    "minResTime" : 318.0,
    "maxResTime" : 5864.0,
    "pct1ResTime" : 3614.0,
    "pct2ResTime" : 3790.8,
    "pct3ResTime" : 4219.540000000001,
    "throughput" : 31.005533295172675,
    "receivedKBytesPerSec" : 7.509152594924633,
    "sentKBytesPerSec" : 7.297200707164664
  },
  "Partial Update" : {
    "transaction" : "Partial Update",
    "sampleCount" : 1300,
    "errorCount" : 0,
    "errorPct" : 0.0,
    "meanResTime" : 3465.980769230768,
    "medianResTime" : 2553.0,
    "minResTime" : 338.0,
    "maxResTime" : 14024.0,
    "pct1ResTime" : 7798.6,
    "pct2ResTime" : 8921.6,
    "pct3ResTime" : 11195.58,
    "throughput" : 31.351742433377545,
    "receivedKBytesPerSec" : 13.073431659230675,
    "sentKBytesPerSec" : 9.154463855058482
  },
  "Create" : {
    "transaction" : "Create",
    "sampleCount" : 1300,
    "errorCount" : 0,
    "errorPct" : 0.0,
    "meanResTime" : 4688.198461538463,
    "medianResTime" : 4083.0,
    "minResTime" : 1513.0,
    "maxResTime" : 32645.0,
    "pct1ResTime" : 7104.300000000003,
    "pct2ResTime" : 8401.250000000004,
    "pct3ResTime" : 16476.73,
    "throughput" : 35.82451499118166,
    "receivedKBytesPerSec" : 16.05805896577381,
    "sentKBytesPerSec" : 16.372922867063494
  },
  "Total" : {
    "transaction" : "Total",
    "sampleCount" : 7800,
    "errorCount" : 0,
    "errorPct" : 0.0,
    "meanResTime" : 2623.8294871794933,
    "medianResTime" : 1996.0,
    "minResTime" : 293.0,
    "maxResTime" : 32645.0,
    "pct1ResTime" : 5700.800000000001,
    "pct2ResTime" : 7665.549999999998,
    "pct3ResTime" : 10759.789999999995,
    "throughput" : 167.5797615211086,
    "receivedKBytesPerSec" : 61.751396498012674,
    "sentKBytesPerSec" : 52.614153641637124
  },
  "Get" : {
    "transaction" : "Get",
    "sampleCount" : 1300,
    "errorCount" : 0,
    "errorPct" : 0.0,
    "meanResTime" : 1540.825384615386,
    "medianResTime" : 1294.0,
    "minResTime" : 371.0,
    "maxResTime" : 9392.0,
    "pct1ResTime" : 2534.9,
    "pct2ResTime" : 2929.4500000000007,
    "pct3ResTime" : 5302.99,
    "throughput" : 36.204639763834344,
    "receivedKBytesPerSec" : 15.16776411980951,
    "sentKBytesPerSec" : 6.6469455816414635
  },
  "Token" : {
    "transaction" : "Token",
    "sampleCount" : 1300,
    "errorCount" : 0,
    "errorPct" : 0.0,
    "meanResTime" : 811.2584615384617,
    "medianResTime" : 464.0,
    "minResTime" : 293.0,
    "maxResTime" : 9039.0,
    "pct1ResTime" : 1619.600000000004,
    "pct2ResTime" : 2280.0,
    "pct3ResTime" : 6122.400000000002,
    "throughput" : 36.06802985323086,
    "receivedKBytesPerSec" : 9.545347744360903,
    "sentKBytesPerSec" : 8.98178477790417
  },
  "Update" : {
    "transaction" : "Update",
    "sampleCount" : 1300,
    "errorCount" : 0,
    "errorPct" : 0.0,
    "meanResTime" : 3462.4199999999987,
    "medianResTime" : 3080.0,
    "minResTime" : 365.0,
    "maxResTime" : 20190.0,
    "pct1ResTime" : 7817.5,
    "pct2ResTime" : 8771.9,
    "pct3ResTime" : 10718.78,
    "throughput" : 33.55444854554371,
    "receivedKBytesPerSec" : 14.090246947835738,
    "sentKBytesPerSec" : 15.663111723408099
  }
}