{
  "Delete" : {
    "transaction" : "Delete",
    "sampleCount" : 500,
    "errorCount" : 0,
    "errorPct" : 0.0,
    "meanResTime" : 2993.8379999999984,
    "medianResTime" : 3631.5,
    "minResTime" : 310.0,
    "maxResTime" : 5049.0,
    "pct1ResTime" : 3864.0,
    "pct2ResTime" : 3967.95,
    "pct3ResTime" : 4818.700000000001,
    "throughput" : 38.20877273421978,
    "receivedKBytesPerSec" : 9.253687146568852,
    "sentKBytesPerSec" : 8.99249436420602
  },
  "Partial Update" : {
    "transaction" : "Partial Update",
    "sampleCount" : 500,
    "errorCount" : 0,
    "errorPct" : 0.0,
    "meanResTime" : 3503.8580000000024,
    "medianResTime" : 3186.5,
    "minResTime" : 349.0,
    "maxResTime" : 8310.0,
    "pct1ResTime" : 4913.900000000001,
    "pct2ResTime" : 5348.9,
    "pct3ResTime" : 5588.240000000001,
    "throughput" : 32.31435403606282,
    "receivedKBytesPerSec" : 13.474833177147287,
    "sentKBytesPerSec" : 9.435538922639436
  },
  "Create" : {
    "transaction" : "Create",
    "sampleCount" : 500,
    "errorCount" : 0,
    "errorPct" : 0.0,
    "meanResTime" : 3805.750000000001,
    "medianResTime" : 3511.5,
    "minResTime" : 1301.0,
    "maxResTime" : 12169.0,
    "pct1ResTime" : 6601.800000000002,
    "pct2ResTime" : 7078.75,
    "pct3ResTime" : 7535.89,
    "throughput" : 24.952590078850182,
    "receivedKBytesPerSec" : 11.184803560734604,
    "sentKBytesPerSec" : 11.404113434474498
  },
  "Total" : {
    "transaction" : "Total",
    "sampleCount" : 3000,
    "errorCount" : 0,
    "errorPct" : 0.0,
    "meanResTime" : 2481.54966666667,
    "medianResTime" : 2562.0,
    "minResTime" : 295.0,
    "maxResTime" : 12169.0,
    "pct1ResTime" : 4094.4000000000005,
    "pct2ResTime" : 5210.549999999998,
    "pct3ResTime" : 7043.919999999998,
    "throughput" : 115.42457004347659,
    "receivedKBytesPerSec" : 42.53275172174984,
    "sentKBytesPerSec" : 36.239257098611056
  },
  "Get" : {
    "transaction" : "Get",
    "sampleCount" : 500,
    "errorCount" : 0,
    "errorPct" : 0.0,
    "meanResTime" : 1311.6779999999994,
    "medianResTime" : 1235.5,
    "minResTime" : 315.0,
    "maxResTime" : 9636.0,
    "pct1ResTime" : 1920.7,
    "pct2ResTime" : 2163.2999999999997,
    "pct3ResTime" : 3077.3800000000006,
    "throughput" : 29.907883718148103,
    "receivedKBytesPerSec" : 12.52976769051322,
    "sentKBytesPerSec" : 5.490900526378754
  },
  "Token" : {
    "transaction" : "Token",
    "sampleCount" : 500,
    "errorCount" : 0,
    "errorPct" : 0.0,
    "meanResTime" : 455.8980000000003,
    "medianResTime" : 326.0,
    "minResTime" : 295.0,
    "maxResTime" : 4138.0,
    "pct1ResTime" : 955.8000000000001,
    "pct2ResTime" : 1126.55,
    "pct3ResTime" : 1561.900000000001,
    "throughput" : 29.882859191967487,
    "receivedKBytesPerSec" : 7.908451993186708,
    "sentKBytesPerSec" : 7.441532318312216
  },
  "Update" : {
    "transaction" : "Update",
    "sampleCount" : 500,
    "errorCount" : 0,
    "errorPct" : 0.0,
    "meanResTime" : 2818.275999999999,
    "medianResTime" : 2840.5,
    "minResTime" : 382.0,
    "maxResTime" : 8290.0,
    "pct1ResTime" : 3740.9,
    "pct2ResTime" : 3839.6,
    "pct3ResTime" : 4531.240000000001,
    "throughput" : 29.786727034433454,
    "receivedKBytesPerSec" : 12.508098266412485,
    "sentKBytesPerSec" : 13.904351096151554
  }
}