{
  "Delete" : {
    "transaction" : "Delete",
    "sampleCount" : 1000,
    "errorCount" : 0,
    "errorPct" : 0.0,
    "meanResTime" : 390.4519999999998,
    "medianResTime" : 326.0,
    "minResTime" : 293.0,
    "maxResTime" : 2976.0,
    "pct1ResTime" : 439.9,
    "pct2ResTime" : 997.9499999999999,
    "pct3ResTime" : 1292.98,
    "throughput" : 49.56138177132378,
    "receivedKBytesPerSec" : 12.00314714774248,
    "sentKBytesPerSec" : 11.592039357932299
  },
  "Partial Update" : {
    "transaction" : "Partial Update",
    "sampleCount" : 1000,
    "errorCount" : 0,
    "errorPct" : 0.0,
    "meanResTime" : 403.4380000000001,
    "medianResTime" : 329.0,
    "minResTime" : 295.0,
    "maxResTime" : 3907.0,
    "pct1ResTime" : 441.69999999999993,
    "pct2ResTime" : 1027.6999999999996,
    "pct3ResTime" : 1308.99,
    "throughput" : 49.78592054167082,
    "receivedKBytesPerSec" : 20.7603399133725,
    "sentKBytesPerSec" : 14.464462965498358
  },
  "Create" : {
    "transaction" : "Create",
    "sampleCount" : 1000,
    "errorCount" : 0,
    "errorPct" : 0.0,
    "meanResTime" : 3195.7659999999987,
    "medianResTime" : 3178.0,
    "minResTime" : 1223.0,
    "maxResTime" : 9661.0,
    "pct1ResTime" : 4829.9,
    "pct2ResTime" : 5322.7,
    "pct3ResTime" : 7048.97,
    "throughput" : 39.38248267170762,
    "receivedKBytesPerSec" : 17.59543175508034,
    "sentKBytesPerSec" : 17.999025283553877
  },
  "Total" : {
    "transaction" : "Total",
    "sampleCount" : 6000,
    "errorCount" : 0,
    "errorPct" : 0.0,
    "meanResTime" : 886.4130000000002,
    "medianResTime" : 337.0,
    "minResTime" : 293.0,
    "maxResTime" : 9661.0,
    "pct1ResTime" : 2763.7000000000016,
    "pct2ResTime" : 3954.949999999996,
    "pct3ResTime" : 5189.459999999988,
    "throughput" : 219.5309355676704,
    "receivedKBytesPerSec" : 80.84148094197066,
    "sentKBytesPerSec" : 68.71146774724672
  },
  "Get" : {
    "transaction" : "Get",
    "sampleCount" : 1000,
    "errorCount" : 0,
    "errorPct" : 0.0,
    "meanResTime" : 459.64099999999974,
    "medianResTime" : 331.0,
    "minResTime" : 293.0,
    "maxResTime" : 3851.0,
    "pct1ResTime" : 868.7999999999993,
    "pct2ResTime" : 1347.85,
    "pct3ResTime" : 1940.840000000001,
    "throughput" : 50.21340697966357,
    "receivedKBytesPerSec" : 21.036671478784836,
    "sentKBytesPerSec" : 9.145607111473764
  },
  "Token" : {
    "transaction" : "Token",
    "sampleCount" : 1000,
    "errorCount" : 0,
    "errorPct" : 0.0,
    "meanResTime" : 438.812,
    "medianResTime" : 319.0,
    "minResTime" : 293.0,
    "maxResTime" : 3222.0,
    "pct1ResTime" : 681.8,
    "pct2ResTime" : 1261.85,
    "pct3ResTime" : 1943.98,
    "throughput" : 50.03001801080649,
    "receivedKBytesPerSec" : 13.240366094656794,
    "sentKBytesPerSec" : 12.458647063237944
  },
  "Update" : {
    "transaction" : "Update",
    "sampleCount" : 1000,
    "errorCount" : 0,
    "errorPct" : 0.0,
    "meanResTime" : 430.3689999999998,
    "medianResTime" : 328.0,
    "minResTime" : 295.0,
    "maxResTime" : 3187.0,
    "pct1ResTime" : 574.5999999999999,
    "pct2ResTime" : 1210.8999999999999,
    "pct3ResTime" : 1916.93,
    "throughput" : 50.0175061271445,
    "receivedKBytesPerSec" : 21.00344495573451,
    "sentKBytesPerSec" : 23.275040795528437
  }
}