{
  "Delete" : {
    "transaction" : "Delete",
    "sampleCount" : 1500,
    "errorCount" : 6,
    "errorPct" : 0.4,
    "meanResTime" : 788.9226666666661,
    "medianResTime" : 755.5,
    "minResTime" : 301.0,
    "maxResTime" : 3667.0,
    "pct1ResTime" : 1060.0,
    "pct2ResTime" : 1345.950000000001,
    "pct3ResTime" : 2328.0,
    "throughput" : 36.670333700036664,
    "receivedKBytesPerSec" : 8.881669416941694,
    "sentKBytesPerSec" : 8.59403648698203
  },
  "Partial Update" : {
    "transaction" : "Partial Update",
    "sampleCount" : 1500,
    "errorCount" : 6,
    "errorPct" : 0.4,
    "meanResTime" : 869.8073333333339,
    "medianResTime" : 828.0,
    "minResTime" : 300.0,
    "maxResTime" : 4015.0,
    "pct1ResTime" : 1117.9,
    "pct2ResTime" : 1415.1500000000017,
    "pct3ResTime" : 2398.99,
    "throughput" : 36.58536585365854,
    "receivedKBytesPerSec" : 15.230802210365853,
    "sentKBytesPerSec" : 10.646341463414634
  },
  "Create" : {
    "transaction" : "Create",
    "sampleCount" : 1500,
    "errorCount" : 6,
    "errorPct" : 0.4,
    "meanResTime" : 3360.081333333332,
    "medianResTime" : 3108.0,
    "minResTime" : 1365.0,
    "maxResTime" : 22667.0,
    "pct1ResTime" : 5091.5,
    "pct2ResTime" : 6255.300000000001,
    "pct3ResTime" : 8710.130000000001,
    "throughput" : 33.2800851970181,
    "receivedKBytesPerSec" : 15.238509010583066,
    "sentKBytesPerSec" : 15.149198781948881
  },
  "Total" : {
    "transaction" : "Total",
    "sampleCount" : 9000,
    "errorCount" : 24,
    "errorPct" : 0.26666668,
    "meanResTime" : 1162.4958888888846,
    "medianResTime" : 770.0,
    "minResTime" : 294.0,
    "maxResTime" : 22667.0,
    "pct1ResTime" : 2724.0,
    "pct2ResTime" : 4007.8499999999967,
    "pct3ResTime" : 5934.689999999993,
    "throughput" : 191.41198239009762,
    "receivedKBytesPerSec" : 81.81634767992726,
    "sentKBytesPerSec" : 59.91170125374849
  },
  "Get" : {
    "transaction" : "Get",
    "sampleCount" : 1500,
    "errorCount" : 0,
    "errorPct" : 0.0,
    "meanResTime" : 632.0426666666657,
    "medianResTime" : 582.0,
    "minResTime" : 297.0,
    "maxResTime" : 8883.0,
    "pct1ResTime" : 822.5000000000005,
    "pct2ResTime" : 1243.6500000000003,
    "pct3ResTime" : 2148.080000000001,
    "throughput" : 36.73949250514353,
    "receivedKBytesPerSec" : 28.081529717657,
    "sentKBytesPerSec" : 6.708688736896248
  },
  "Token" : {
    "transaction" : "Token",
    "sampleCount" : 1500,
    "errorCount" : 0,
    "errorPct" : 0.0,
    "meanResTime" : 465.92000000000064,
    "medianResTime" : 352.0,
    "minResTime" : 294.0,
    "maxResTime" : 2384.0,
    "pct1ResTime" : 724.9000000000001,
    "pct2ResTime" : 1197.7500000000002,
    "pct3ResTime" : 1685.8000000000002,
    "throughput" : 36.753895912966776,
    "receivedKBytesPerSec" : 9.726861125404293,
    "sentKBytesPerSec" : 9.152581501764187
  },
  "Update" : {
    "transaction" : "Update",
    "sampleCount" : 1500,
    "errorCount" : 6,
    "errorPct" : 0.4,
    "meanResTime" : 858.2013333333331,
    "medianResTime" : 847.0,
    "minResTime" : 301.0,
    "maxResTime" : 4557.0,
    "pct1ResTime" : 1150.8000000000002,
    "pct2ResTime" : 1341.8000000000002,
    "pct3ResTime" : 2160.94,
    "throughput" : 36.670333700036664,
    "receivedKBytesPerSec" : 15.373177942794278,
    "sentKBytesPerSec" : 17.081213329666298
  }
}